{
  "rf": {
    "mae": 2.5,
    "rmse": 2.954344258883855,
    "r2": -0.0788813349814581
  },
  "ridge": {
    "mae": 2.6111658668282502,
    "rmse": 3.133559989145817,
    "r2": -0.2137451428399919
  }
}